ID	Sentiment
1,neg
2,neg
3,pos
4,neg
5,neg
6,neg
7,pos
8,neg
9,neg
10,neg
11,neg
12,neg
13,pos
14,pos
15,pos
16,neg
17,pos
18,pos
19,neg
20,pos
21,neg
22,pos
23,neg
24,pos
25,pos
26,neg
27,neg
28,neg
29,neg
30,pos
31,neg
32,neg
33,neg
34,pos
35,neg
36,neg
37,neg
38,pos
39,pos
40,pos
41,neg
42,pos
43,neg
44,pos
45,pos
46,pos
47,neg
48,neg
49,neg
50,neg
51,neg
52,pos
53,neg
54,neg
55,neg
56,pos
57,pos
58,pos
59,neg
60,pos
61,neg
62,neg
63,pos
64,neg
65,pos
66,pos
67,pos
68,neg
69,neg
70,neg
71,neg
72,neg
73,neg
74,pos
75,pos
76,neg
77,neg
78,pos
79,neg
80,neg
81,neg
82,pos
83,neg
84,pos
85,pos
86,neg
87,neg
88,pos
89,neg
90,pos
91,pos
92,pos
93,neg
94,pos
95,neg
96,neg
97,neg
98,neg
99,pos
100,neg
101,neg
102,neg
103,neg
104,pos
105,neg
106,pos
107,neg
108,neg
109,neg
110,pos
111,pos
112,neg
113,pos
114,neg
115,pos
116,neg
117,neg
118,pos
119,neg
120,pos
121,neg
122,pos
123,neg
124,pos
125,neg
126,pos
127,neg
128,pos
129,neg
130,neg
131,neg
132,pos
133,pos
134,neg
135,neg
136,neg
137,pos
138,pos
139,neg
140,pos
141,neg
142,pos
143,pos
144,pos
145,neg
146,neg
147,neg
148,neg
149,pos
150,pos
151,neg
152,neg
153,neg
154,pos
155,pos
156,pos
157,neg
158,pos
159,pos
160,neg
161,neg
162,neg
163,neg
164,pos
165,neg
166,neg
167,pos
168,neg
169,neg
170,neg
171,neg
172,pos
173,neg
174,neg
175,neg
176,neg
177,neg
178,neg
179,pos
180,neg
181,neg
182,neg
183,pos
184,neg
185,neg
186,neg
187,neg
188,pos
189,pos
190,pos
191,pos
192,pos
193,neg
194,pos
195,neg
196,neg
197,pos
198,neg
199,neg
200,neg
201,pos
202,neg
203,neg
204,neg
205,pos
206,neg
207,neg
208,pos
209,neg
210,pos
211,neg
212,pos
213,neg
214,neg
215,neg
216,pos
217,neg
218,neg
219,neg
220,neg
221,neg
222,pos
223,neg
224,neg
225,pos
226,neg
227,neg
228,pos
229,pos
230,neg
231,pos
232,pos
233,pos
234,pos
235,neg
236,pos
237,neg
238,neg
239,neg
240,pos
241,neg
242,pos
243,neg
244,pos
245,pos
246,neg
247,pos
248,pos
249,pos
250,neg
251,neg
252,neg
253,pos
254,pos
255,pos
256,neg
257,pos
258,neg
259,neg
260,pos
261,pos
262,neg
263,pos
264,pos
265,pos
266,pos
267,pos
268,neg
269,neg
270,neg
271,neg
272,neg
273,pos
274,neg
275,neg
276,pos
277,neg
278,pos
279,neg
280,pos
281,pos
282,neg
283,neg
284,neg
285,pos
286,pos
287,neg
288,pos
289,pos
290,neg
291,neg
292,neg
293,pos
294,neg
295,neg
296,pos
297,neg
298,pos
299,neg
300,neg
301,neg
302,pos
303,pos
304,neg
305,neg
306,neg
307,pos
308,pos
309,neg
310,pos
311,neg
312,neg
313,pos
314,neg
315,neg
316,pos
317,neg
318,pos
319,neg
320,neg
321,pos
322,neg
323,pos
324,neg
325,pos
326,pos
327,pos
328,pos
329,neg
330,pos
331,pos
332,pos
333,neg
334,pos
335,neg
336,pos
337,neg
338,neg
339,neg
340,pos
341,neg
342,neg
343,pos
344,pos
345,neg
346,pos
347,pos
348,pos
349,neg
350,neg
351,neg
352,neg
353,pos
354,neg
355,neg
356,neg
357,neg
358,neg
359,neg
360,neg
361,neg
362,pos
363,neg
364,pos
365,neg
366,neg
367,neg
368,pos
369,pos
370,pos
371,neg
372,neg
373,pos
374,pos
375,neg
376,pos
377,neg
378,neg
379,pos
380,pos
381,neg
382,pos
383,neg
384,neg
385,pos
386,neg
387,neg
388,pos
389,neg
390,neg
391,neg
392,neg
393,neg
394,neg
395,neg
396,neg
397,pos
398,neg
399,pos
400,neg
401,pos
402,pos
403,neg
404,pos
405,pos
406,pos
407,pos
408,neg
409,pos
410,pos
411,neg
412,neg
413,pos
414,neg
415,pos
416,neg
417,neg
418,pos
419,pos
420,pos
421,pos
422,neg
423,pos
424,neg
425,pos
426,neg
427,pos
428,pos
429,neg
430,neg
431,pos
432,neg
433,neg
434,pos
435,neg
436,neg
437,pos
438,neg
439,pos
440,neg
441,neg
442,pos
443,neg
444,neg
445,pos
446,neg
447,neg
448,neg
449,pos
450,neg
451,pos
452,pos
453,neg
454,neg
455,pos
456,pos
457,neg
458,neg
459,neg
460,neg
461,neg
462,pos
463,neg
464,neg
465,neg
466,pos
467,neg
468,neg
469,pos
470,pos
471,pos
472,pos
473,neg
474,pos
475,neg
476,neg
477,neg
478,pos
479,neg
480,neg
481,neg
482,neg
483,pos
484,neg
485,pos
486,pos
487,pos
488,neg
489,neg
490,neg
491,pos
492,neg
493,neg
494,pos
495,neg
496,pos
497,neg
498,neg
499,neg
500,neg
501,pos
502,neg
503,pos
504,neg
505,neg
506,neg
507,pos
508,pos
509,neg
510,neg
511,neg
512,neg
513,neg
514,neg
515,pos
516,pos
517,pos
518,neg
519,neg
520,pos
521,neg
522,pos
523,pos
524,pos
525,pos
526,pos
527,pos
528,neg
529,pos
530,pos
531,neg
532,pos
533,pos
534,neg
535,neg
536,pos
537,neg
538,neg
539,pos
540,pos
541,neg
542,neg
543,pos
544,pos
545,pos
546,pos
547,pos
548,pos
549,neg
550,pos
551,pos
552,pos
553,neg
554,pos
555,pos
556,pos
557,neg
558,neg
559,neg
560,neg
561,pos
562,pos
563,pos
564,neg
565,neg
566,pos
567,neg
568,neg
569,neg
570,neg
571,neg
572,pos
573,neg
574,pos
575,pos
576,neg
577,pos
578,neg
579,neg
580,pos
581,pos
582,neg
583,neg
584,pos
585,pos
586,pos
587,pos
588,pos
589,pos
590,neg
591,pos
592,neg
593,pos
594,neg
595,pos
596,pos
597,neg
598,neg
599,neg
600,neg
601,neg
602,neg
603,pos
604,pos
605,pos
606,neg
607,pos
608,neg
609,neg
610,pos
611,pos
612,pos
613,neg
614,pos
615,neg
616,neg
617,pos
618,neg
619,pos
620,neg
621,neg
622,pos
623,neg
624,neg
625,neg
626,pos
627,pos
628,neg
629,neg
630,pos
631,pos
632,neg
633,neg
634,pos
635,neg
636,neg
637,pos
638,neg
639,pos
640,neg
641,pos
642,pos
643,neg
644,neg
645,pos
646,pos
647,pos
648,neg
649,neg
650,pos
651,neg
652,neg
653,pos
654,pos
655,pos
656,neg
657,pos
658,pos
659,pos
660,pos
661,neg
662,neg
663,neg
664,neg
665,pos
666,neg
667,pos
668,pos
669,neg
670,pos
671,pos
672,neg
673,pos
674,neg
675,pos
676,pos
677,neg
678,pos
679,pos
680,neg
681,pos
682,pos
683,neg
684,pos
685,pos
686,neg
687,pos
688,pos
689,pos
690,neg
691,neg
692,neg
693,neg
694,pos
695,pos
696,neg
697,neg
698,pos
699,neg
700,pos
701,pos
702,neg
703,neg
704,neg
705,pos
706,neg
707,neg
708,neg
709,neg
710,neg
711,neg
712,neg
713,pos
714,neg
715,neg
716,neg
717,neg
718,neg
719,pos
720,pos
721,neg
722,pos
723,pos
724,pos
725,neg
726,neg
727,neg
728,neg
729,pos
730,neg
731,pos
732,neg
733,pos
734,pos
735,neg
736,neg
737,neg
738,pos
739,neg
740,neg
741,neg
742,pos
743,pos
744,neg
745,pos
746,neg
747,pos
748,neg
749,neg
750,pos
751,pos
752,neg
753,neg
754,neg
755,neg
756,neg
757,pos
758,pos
759,pos
760,pos
761,neg
762,pos
763,neg
764,neg
765,pos
766,pos
767,neg
768,pos
769,neg
770,neg
771,pos
772,pos
773,pos
774,pos
775,pos
776,neg
777,neg
778,pos
779,pos
780,pos
781,neg
782,neg
783,neg
784,neg
785,pos
786,pos
787,pos
788,pos
789,pos
790,neg
791,neg
792,neg
793,pos
794,pos
795,neg
796,neg
797,neg
798,pos
799,pos
800,pos
801,pos
802,neg
803,pos
804,pos
805,neg
806,pos
807,neg
808,pos
809,pos
810,pos
811,neg
812,neg
813,neg
814,neg
815,pos
816,pos
817,neg
818,neg
819,neg
820,pos
821,neg
822,pos
823,neg
824,pos
825,pos
826,pos
827,pos
828,pos
829,neg
830,pos
831,pos
832,neg
833,neg
834,neg
835,pos
836,pos
837,neg
838,pos
839,neg
840,neg
841,neg
842,neg
843,pos
844,pos
845,pos
846,pos
847,neg
848,pos
849,neg
850,neg
851,neg
852,pos
853,pos
854,neg
855,pos
856,pos
857,neg
858,neg
859,pos
860,pos
861,pos
862,pos
863,pos
864,neg
865,neg
866,neg
867,neg
868,pos
869,neg
870,pos
871,neg
872,pos
873,pos
874,neg
875,neg
876,neg
877,neg
878,pos
879,pos
880,pos
881,pos
882,pos
883,neg
884,neg
885,neg
886,pos
887,pos
888,pos
889,neg
890,neg
891,neg
892,neg
893,neg
894,neg
895,pos
896,pos
897,neg
898,pos
899,pos
900,pos
901,neg
902,neg
903,pos
904,neg
905,neg
906,neg
907,neg
908,pos
909,neg
910,neg
911,neg
912,neg
913,neg
914,pos
915,neg
916,pos
917,pos
918,neg
919,neg
920,neg
921,neg
922,pos
923,pos
924,neg
925,pos
926,neg
927,pos
928,pos
929,pos
930,neg
931,pos
932,neg
933,pos
934,neg
935,neg
936,neg
937,neg
938,neg
939,neg
940,neg
941,neg
942,pos
943,neg
944,neg
945,pos
946,pos
947,neg
948,neg
949,neg
950,neg
951,pos
952,neg
953,neg
954,neg
955,neg
956,neg
957,neg
958,pos
959,neg
960,pos
961,pos
962,neg
963,neg
964,neg
965,neg
966,pos
967,pos
968,pos
969,pos
970,neg
971,pos
972,neg
973,neg
974,neg
975,neg
976,pos
977,pos
978,neg
979,pos
980,neg
981,pos
982,pos
983,pos
984,pos
985,pos
986,pos
987,pos
988,pos
989,pos
990,neg
991,pos
992,neg
993,neg
994,neg
995,neg
996,pos
997,pos
998,neg
999,pos
1000,neg
1001,neg
1002,pos
1003,pos
1004,pos
1005,neg
1006,pos
1007,neg
1008,neg
1009,neg
1010,neg
1011,pos
1012,neg
1013,pos
1014,neg
1015,pos
1016,pos
1017,neg
1018,neg
1019,neg
1020,neg
1021,neg
1022,pos
1023,neg
1024,pos
1025,pos
1026,neg
1027,pos
1028,neg
1029,pos
1030,neg
1031,neg
1032,pos
1033,pos
1034,pos
1035,neg
1036,neg
1037,neg
1038,pos
1039,neg
1040,neg
1041,pos
1042,pos
1043,pos
1044,neg
1045,neg
1046,pos
1047,pos
1048,neg
1049,pos
1050,pos
1051,neg
1052,pos
1053,neg
1054,neg
1055,neg
1056,neg
1057,neg
1058,neg
1059,pos
1060,pos
1061,neg
1062,neg
1063,neg
1064,neg
1065,pos
1066,pos
1067,neg
1068,pos
1069,pos
1070,pos
1071,pos
1072,pos
1073,pos
1074,pos
1075,pos
1076,pos
1077,pos
1078,neg
1079,neg
1080,neg
1081,neg
1082,pos
1083,neg
1084,pos
1085,neg
1086,pos
1087,neg
1088,neg
1089,pos
1090,pos
1091,neg
1092,neg
1093,neg
1094,neg
1095,pos
1096,neg
1097,pos
1098,neg
1099,pos
1100,neg
1101,pos
1102,neg
1103,neg
1104,pos
1105,neg
1106,pos
1107,neg
1108,neg
1109,neg
1110,neg
1111,neg
1112,neg
1113,pos
1114,neg
1115,neg
1116,neg
1117,pos
1118,neg
1119,pos
1120,pos
1121,neg
1122,pos
1123,pos
1124,neg
1125,neg
1126,pos
1127,neg
1128,pos
1129,pos
1130,neg
1131,pos
1132,pos
1133,neg
1134,neg
1135,pos
1136,neg
1137,neg
1138,pos
1139,neg
1140,pos
1141,neg
1142,pos
1143,pos
1144,neg
1145,neg
1146,pos
1147,neg
1148,pos
1149,neg
1150,pos
1151,neg
1152,pos
1153,pos
1154,neg
1155,pos
1156,pos
1157,neg
1158,neg
1159,neg
1160,neg
1161,neg
1162,neg
1163,pos
1164,neg
1165,neg
1166,neg
1167,neg
1168,neg
1169,neg
1170,neg
1171,neg
1172,pos
1173,neg
1174,neg
1175,pos
1176,neg
1177,pos
1178,neg
1179,pos
1180,neg
1181,pos
1182,pos
1183,neg
1184,pos
1185,pos
1186,neg
1187,neg
1188,neg
1189,neg
1190,neg
1191,pos
1192,pos
1193,neg
1194,neg
1195,neg
1196,neg
1197,neg
1198,neg
1199,neg
1200,neg
1201,neg
1202,pos
1203,pos
1204,pos
1205,neg
1206,neg
1207,neg
1208,pos
1209,neg
1210,pos
1211,neg
1212,neg
1213,pos
1214,pos
1215,neg
1216,pos
1217,pos
1218,neg
1219,neg
1220,pos
1221,pos
1222,neg
1223,pos
1224,pos
1225,pos
1226,neg
1227,pos
1228,pos
1229,neg
1230,neg
1231,neg
1232,pos
1233,neg
1234,neg
1235,neg
1236,pos
1237,pos
1238,pos
1239,pos
1240,pos
1241,neg
1242,neg
1243,pos
1244,pos
1245,pos
1246,neg
1247,neg
1248,pos
1249,pos
1250,pos
1251,pos
1252,pos
1253,pos
1254,neg
1255,neg
1256,neg
1257,neg
1258,neg
1259,neg
1260,neg
1261,pos
1262,pos
1263,pos
1264,neg
1265,neg
1266,neg
1267,pos
1268,neg
1269,neg
1270,pos
1271,neg
1272,pos
1273,neg
1274,pos
1275,neg
1276,neg
1277,pos
1278,neg
1279,pos
1280,pos
1281,neg
1282,pos
1283,neg
1284,pos
1285,pos
1286,neg
1287,neg
1288,neg
1289,neg
1290,pos
1291,neg
1292,pos
1293,pos
1294,pos
1295,pos
1296,neg
1297,neg
1298,neg
1299,neg
1300,neg
1301,pos
1302,neg
1303,pos
1304,pos
1305,pos
1306,neg
1307,pos
1308,neg
1309,pos
1310,pos
1311,neg
1312,neg
1313,neg
1314,neg
1315,neg
1316,neg
1317,neg
1318,pos
1319,neg
1320,neg
1321,pos
1322,pos
1323,pos
1324,pos
1325,neg
1326,neg
1327,neg
1328,neg
1329,neg
1330,neg
1331,pos
1332,pos
1333,neg
1334,pos
1335,pos
1336,pos
1337,neg
1338,pos
1339,pos
1340,neg
1341,pos
1342,pos
1343,pos
1344,pos
1345,pos
1346,pos
1347,neg
1348,neg
1349,neg
1350,pos
1351,neg
1352,neg
1353,pos
1354,pos
1355,pos
1356,pos
1357,pos
1358,neg
1359,pos
1360,pos
1361,neg
1362,neg
1363,pos
1364,pos
1365,neg
1366,pos
1367,pos
1368,neg
1369,neg
1370,pos
1371,pos
1372,neg
1373,neg
1374,pos
1375,neg
1376,pos
1377,pos
1378,pos
1379,pos
1380,pos
1381,neg
1382,neg
1383,neg
1384,neg
1385,pos
1386,neg
1387,pos
1388,neg
1389,neg
1390,pos
1391,neg
1392,neg
1393,neg
1394,pos
1395,pos
1396,pos
1397,neg
1398,neg
1399,neg
1400,pos
1401,neg
1402,neg
1403,neg
1404,neg
1405,neg
1406,neg
1407,neg
1408,pos
1409,neg
1410,pos
1411,neg
1412,pos
1413,neg
1414,neg
1415,pos
1416,neg
1417,neg
1418,neg
1419,neg
1420,pos
1421,neg
1422,pos
1423,pos
1424,neg
1425,neg
1426,pos
1427,pos
1428,pos
1429,neg
1430,neg
1431,pos
1432,pos
1433,neg
1434,pos
1435,pos
1436,neg
1437,pos
1438,pos
1439,neg
1440,pos
1441,neg
1442,pos
1443,neg
1444,pos
1445,neg
1446,pos
1447,neg
1448,pos
1449,neg
1450,pos
1451,neg
1452,neg
1453,neg
1454,pos
1455,neg
1456,pos
1457,pos
1458,pos
1459,pos
1460,neg
1461,pos
1462,neg
1463,pos
1464,pos
1465,neg
1466,pos
1467,neg
1468,pos
1469,neg
1470,pos
1471,neg
1472,neg
1473,neg
1474,neg
1475,pos
1476,neg
1477,neg
1478,pos
1479,neg
1480,pos
1481,neg
1482,neg
1483,neg
1484,pos
1485,pos
1486,pos
1487,neg
1488,pos
1489,neg
1490,neg
1491,neg
1492,pos
1493,neg
1494,pos
1495,pos
1496,pos
1497,pos
1498,pos
1499,pos
1500,pos
1501,pos
1502,pos
1503,pos
1504,neg
1505,pos
1506,pos
1507,neg
1508,pos
1509,pos
1510,pos
1511,neg
1512,neg
1513,pos
1514,neg
1515,pos
1516,pos
1517,neg
1518,pos
1519,pos
1520,neg
1521,neg
1522,neg
1523,neg
1524,neg
1525,neg
1526,neg
1527,pos
1528,neg
1529,pos
1530,neg
1531,pos
1532,pos
1533,neg
1534,neg
1535,neg
1536,pos
1537,pos
1538,neg
1539,neg
1540,pos
1541,pos
1542,neg
1543,neg
1544,pos
1545,pos
1546,neg
1547,pos
1548,pos
1549,pos
1550,neg
1551,pos
1552,neg
1553,neg
1554,neg
1555,neg
1556,neg
1557,pos
1558,neg
1559,neg
1560,neg
1561,neg
1562,pos
1563,neg
1564,neg
1565,neg
1566,neg
1567,neg
1568,neg
1569,neg
1570,pos
1571,pos
1572,pos
1573,neg
1574,pos
1575,pos
1576,neg
1577,pos
1578,pos
1579,pos
1580,pos
1581,pos
1582,neg
1583,neg
1584,pos
1585,pos
1586,neg
1587,neg
1588,neg
1589,pos
1590,neg
1591,neg
1592,neg
1593,pos
1594,pos
1595,pos
1596,neg
1597,pos
1598,neg
1599,pos
1600,neg
1601,pos
1602,neg
1603,pos
1604,pos
1605,pos
1606,pos
1607,pos
1608,neg
1609,pos
1610,neg
1611,neg
1612,neg
1613,neg
1614,pos
1615,neg
1616,neg
1617,neg
1618,pos
1619,neg
1620,neg
1621,pos
1622,pos
1623,neg
1624,neg
1625,pos
1626,neg
1627,pos
1628,neg
1629,neg
1630,pos
1631,pos
1632,neg
1633,pos
1634,neg
1635,pos
1636,pos
1637,pos
1638,pos
1639,neg
1640,pos
1641,pos
1642,pos
1643,pos
1644,neg
1645,neg
1646,neg
1647,pos
1648,neg
1649,neg
1650,pos
1651,pos
1652,neg
1653,neg
1654,neg
1655,neg
1656,pos
1657,pos
1658,pos
1659,pos
1660,pos
1661,neg
1662,neg
1663,neg
1664,neg
1665,neg
1666,neg
1667,pos
1668,neg
1669,pos
1670,neg
1671,pos
1672,pos
1673,neg
1674,neg
1675,neg
1676,neg
1677,pos
1678,neg
1679,neg
1680,neg
1681,neg
1682,neg
1683,pos
1684,pos
1685,pos
1686,neg
1687,neg
1688,pos
1689,neg
1690,neg
1691,pos
1692,neg
1693,pos
1694,neg
1695,neg
1696,neg
1697,neg
1698,neg
1699,pos
1700,pos
1701,neg
1702,neg
1703,neg
1704,neg
1705,neg
1706,neg
1707,pos
1708,pos
1709,pos
1710,neg
1711,pos
1712,neg
1713,neg
1714,pos
1715,pos
1716,pos
1717,neg
1718,pos
1719,neg
1720,neg
1721,pos
1722,pos
1723,pos
1724,pos
1725,neg
1726,pos
1727,pos
1728,neg
1729,neg
1730,neg
1731,neg
1732,neg
1733,pos
1734,pos
1735,neg
1736,pos
1737,pos
1738,neg
1739,neg
1740,pos
1741,pos
1742,pos
1743,neg
1744,neg
1745,neg
1746,pos
1747,neg
1748,pos
1749,pos
1750,pos
1751,pos
1752,pos
1753,pos
1754,neg
1755,neg
1756,neg
1757,pos
1758,neg
1759,pos
1760,neg
1761,pos
1762,pos
1763,pos
1764,pos
1765,pos
1766,neg
1767,neg
1768,pos
1769,pos
1770,neg
1771,pos
1772,pos
1773,pos
1774,neg
1775,pos
1776,neg
1777,neg
1778,neg
1779,neg
1780,pos
1781,neg
1782,neg
1783,neg
1784,neg
1785,neg
1786,neg
1787,neg
1788,pos
1789,pos
1790,neg
1791,neg
1792,pos
1793,neg
1794,neg
1795,neg
1796,neg
1797,neg
1798,pos
1799,pos
1800,neg
1801,pos
1802,neg
1803,neg
1804,pos
1805,neg
1806,neg
1807,neg
1808,pos
1809,neg
1810,pos
1811,neg
1812,pos
1813,pos
1814,pos
1815,pos
1816,neg
1817,neg
1818,neg
1819,neg
1820,neg
1821,neg
1822,neg
1823,neg
1824,neg
1825,neg
1826,neg
1827,pos
1828,pos
1829,pos
1830,neg
1831,neg
1832,neg
1833,pos
1834,pos
1835,neg
1836,pos
1837,pos
1838,neg
1839,neg
1840,pos
1841,pos
1842,neg
1843,neg
1844,pos
1845,neg
1846,neg
1847,neg
1848,pos
1849,pos
1850,pos
1851,neg
1852,pos
1853,pos
1854,neg
1855,neg
1856,pos
1857,pos
1858,neg
1859,neg
1860,pos
1861,pos
1862,neg
1863,pos
1864,pos
1865,neg
1866,neg
1867,neg
1868,pos
1869,neg
1870,pos
1871,neg
1872,neg
1873,pos
1874,neg
1875,neg
1876,pos
1877,pos
1878,neg
1879,pos
1880,pos
1881,pos
1882,neg
1883,pos
1884,neg
1885,neg
1886,neg
1887,neg
1888,pos
1889,neg
1890,neg
1891,pos
1892,pos
1893,neg
1894,neg
1895,neg
1896,pos
1897,neg
1898,neg
1899,neg
1900,pos
1901,pos
1902,neg
1903,pos
1904,neg
1905,neg
1906,pos
1907,neg
1908,neg
1909,neg
1910,neg
1911,pos
1912,pos
1913,neg
1914,pos
1915,neg
1916,neg
1917,pos
1918,neg
1919,pos
1920,neg
1921,neg
1922,neg
1923,neg
1924,neg
1925,neg
1926,neg
1927,neg
1928,neg
1929,neg
1930,neg
1931,neg
1932,pos
1933,pos
1934,pos
1935,neg
1936,neg
1937,pos
1938,pos
1939,pos
1940,pos
1941,pos
1942,pos
1943,neg
1944,neg
1945,pos
1946,pos
1947,neg
1948,pos
1949,neg
1950,neg
1951,neg
1952,neg
1953,neg
1954,neg
1955,neg
1956,neg
1957,neg
1958,neg
1959,neg
1960,neg
1961,neg
1962,pos
1963,pos
1964,neg
1965,pos
1966,neg
1967,pos
1968,pos
1969,neg
1970,neg
1971,neg
1972,neg
1973,neg
1974,neg
1975,neg
1976,neg
1977,neg
1978,pos
1979,neg
1980,neg
1981,neg
1982,neg
1983,neg
1984,pos
1985,neg
1986,pos
1987,pos
1988,pos
1989,neg
1990,neg
1991,neg
1992,neg
1993,neg
1994,pos
1995,neg
1996,pos
1997,pos
1998,pos
1999,pos
2000,neg
2001,pos
2002,neg
2003,pos
2004,pos
2005,pos
2006,pos
2007,pos
2008,pos
2009,neg
2010,neg
2011,neg
2012,neg
2013,neg
2014,neg
2015,pos
2016,pos
2017,neg
2018,pos
2019,neg
2020,neg
2021,neg
2022,neg
2023,neg
2024,pos
2025,neg
2026,neg
2027,pos
2028,pos
2029,pos
2030,pos
2031,neg
2032,pos
2033,pos
2034,pos
2035,neg
2036,pos
2037,neg
2038,neg
2039,neg
2040,pos
2041,neg
2042,neg
2043,pos
2044,neg
2045,pos
2046,pos
2047,neg
2048,pos
2049,neg
2050,neg
2051,neg
2052,pos
2053,neg
2054,pos
2055,neg
2056,pos
2057,pos
2058,neg
2059,neg
2060,neg
2061,pos
2062,neg
2063,neg
2064,pos
2065,neg
2066,neg
2067,neg
2068,pos
2069,pos
2070,neg
2071,pos
2072,pos
2073,neg
2074,neg
2075,neg
2076,neg
2077,pos
2078,neg
2079,pos
2080,pos
2081,pos
2082,pos
2083,pos
2084,pos
2085,pos
2086,neg
2087,pos
2088,pos
2089,neg
2090,pos
2091,neg
2092,pos
2093,pos
2094,pos
2095,neg
2096,neg
2097,pos
2098,pos
2099,neg
2100,neg
2101,pos
2102,neg
2103,pos
2104,pos
2105,pos
2106,pos
2107,neg
2108,pos
2109,neg
2110,pos
2111,pos
2112,neg
2113,neg
2114,pos
2115,neg
2116,pos
2117,neg
2118,neg
2119,neg
2120,neg
2121,neg
2122,neg
2123,pos
2124,neg
2125,neg
2126,pos
2127,pos
2128,pos
2129,neg
2130,neg
2131,neg
2132,neg
2133,neg
2134,pos
2135,pos
2136,neg
2137,pos
2138,pos
2139,neg
2140,neg
2141,pos
2142,pos
2143,neg
2144,pos
2145,pos
2146,pos
2147,neg
2148,neg
2149,neg
2150,neg
2151,neg
2152,neg
2153,pos
2154,pos
2155,pos
2156,neg
2157,neg
2158,pos
2159,pos
2160,neg
2161,neg
2162,pos
2163,neg
2164,neg
2165,pos
2166,neg
2167,pos
2168,neg
2169,neg
2170,pos
2171,neg
2172,pos
2173,neg
2174,neg
2175,pos
2176,neg
2177,pos
2178,neg
2179,neg
2180,neg
2181,pos
2182,pos
2183,pos
2184,neg
2185,neg
2186,neg
2187,neg
2188,neg
2189,neg
2190,pos
2191,pos
2192,neg
2193,pos
2194,pos
2195,neg
2196,pos
2197,neg
2198,neg
2199,pos
2200,pos
2201,neg
2202,pos
2203,pos
2204,neg
2205,pos
2206,neg
2207,neg
2208,neg
2209,neg
2210,neg
2211,pos
2212,neg
2213,neg
2214,neg
2215,pos
2216,pos
2217,pos
2218,neg
2219,pos
2220,neg
2221,neg
2222,pos
2223,pos
2224,neg
2225,neg
2226,neg
2227,neg
2228,pos
2229,pos
2230,neg
2231,neg
2232,pos
2233,neg
2234,pos
2235,neg
2236,neg
2237,pos
2238,neg
2239,neg
2240,neg
2241,pos
2242,neg
2243,pos
2244,pos
2245,pos
2246,pos
2247,pos
2248,pos
2249,neg
2250,neg
2251,pos
2252,pos
2253,neg
2254,neg
2255,pos
2256,neg
2257,pos
2258,pos
2259,neg
2260,pos
2261,pos
2262,neg
2263,pos
2264,pos
2265,pos
2266,pos
2267,neg
2268,neg
2269,neg
2270,pos
2271,pos
2272,neg
2273,pos
2274,neg
2275,neg
2276,neg
2277,neg
2278,neg
2279,pos
2280,pos
2281,pos
2282,pos
2283,neg
2284,neg
2285,neg
2286,neg
2287,neg
2288,neg
2289,neg
2290,neg
2291,pos
2292,pos
2293,pos
2294,pos
2295,pos
2296,neg
2297,neg
2298,neg
2299,neg
2300,pos
2301,pos
2302,neg
2303,neg
2304,neg
2305,pos
2306,neg
2307,neg
2308,pos
2309,pos
2310,pos
2311,pos
2312,pos
2313,pos
2314,neg
2315,pos
2316,neg
2317,neg
2318,pos
2319,neg
2320,pos
2321,neg
2322,pos
2323,neg
2324,neg
2325,neg
2326,neg
2327,pos
2328,neg
2329,pos
2330,pos
2331,neg
2332,pos
2333,neg
2334,neg
2335,pos
2336,pos
2337,neg
2338,neg
2339,pos
2340,pos
2341,pos
2342,neg
2343,neg
2344,neg
2345,neg
2346,pos
2347,pos
2348,neg
2349,pos
2350,pos
2351,pos
2352,neg
2353,pos
2354,neg
2355,pos
2356,pos
2357,neg
2358,pos
2359,neg
2360,neg
2361,neg
2362,pos
2363,neg
2364,neg
2365,neg
2366,pos
2367,neg
2368,pos
2369,neg
2370,pos
2371,neg
2372,pos
2373,pos
2374,neg
2375,neg
2376,pos
2377,neg
2378,neg
2379,neg
2380,neg
2381,pos
2382,neg
2383,pos
2384,neg
2385,neg
2386,pos
2387,neg
2388,neg
2389,neg
2390,pos
2391,neg
2392,neg
2393,neg
2394,neg
2395,neg
2396,neg
2397,neg
2398,neg
2399,neg
2400,neg
2401,neg
2402,pos
2403,neg
2404,pos
2405,neg
2406,neg
2407,pos
2408,pos
2409,pos
2410,neg
2411,neg
2412,neg
2413,neg
2414,neg
2415,pos
2416,pos
2417,pos
2418,neg
2419,neg
2420,neg
2421,pos
2422,neg
2423,neg
2424,pos
2425,pos
2426,pos
2427,neg
2428,neg
2429,neg
2430,neg
2431,neg
2432,neg
2433,neg
2434,pos
2435,neg
2436,neg
2437,neg
2438,neg
2439,pos
2440,neg
2441,pos
2442,neg
2443,pos
2444,neg
2445,pos
2446,neg
2447,neg
2448,pos
2449,neg
2450,pos
2451,pos
2452,neg
2453,pos
2454,neg
2455,pos
2456,pos
2457,neg
2458,neg
2459,neg
2460,pos
2461,neg
2462,pos
2463,neg
2464,pos
2465,neg
2466,neg
2467,pos
2468,pos
2469,pos
2470,pos
2471,pos
2472,pos
2473,pos
2474,pos
2475,pos
2476,neg
2477,pos
2478,pos
2479,neg
2480,pos
2481,neg
2482,pos
2483,pos
2484,pos
2485,neg
2486,neg
2487,neg
2488,neg
2489,neg
2490,neg
2491,neg
2492,pos
2493,neg
2494,pos
2495,neg
2496,pos
2497,neg
2498,pos
2499,pos
2500,neg
2501,pos
2502,neg
2503,neg
2504,pos
2505,neg
2506,pos
2507,neg
2508,neg
2509,pos
2510,neg
2511,neg
2512,neg
2513,pos
2514,neg
2515,neg
2516,pos
2517,neg
2518,neg
2519,neg
2520,pos
2521,neg
2522,pos
2523,pos
2524,neg
2525,pos
2526,pos
2527,pos
2528,pos
2529,pos
2530,neg
2531,pos
2532,neg
2533,pos
2534,neg
2535,neg
2536,pos
2537,pos
2538,pos
2539,neg
2540,neg
2541,neg
2542,pos
2543,pos
2544,neg
2545,neg
2546,pos
2547,pos
2548,neg
2549,neg
2550,neg
2551,pos
2552,pos
2553,neg
2554,pos
2555,neg
2556,pos
2557,neg
2558,neg
2559,neg
2560,pos
2561,neg
2562,neg
2563,pos
2564,neg
2565,pos
2566,pos
2567,neg
2568,pos
2569,neg
2570,neg
2571,neg
2572,pos
2573,neg
2574,neg
2575,pos
2576,neg
2577,pos
2578,pos
2579,pos
2580,pos
2581,pos
2582,neg
2583,pos
2584,neg
2585,pos
2586,pos
2587,neg
2588,neg
2589,pos
2590,pos
2591,neg
2592,pos
2593,neg
2594,neg
2595,pos
2596,neg
2597,pos
2598,neg
2599,neg
2600,neg
2601,neg
2602,pos
2603,pos
2604,pos
2605,neg
2606,neg
2607,pos
2608,neg
2609,pos
2610,pos
2611,pos
2612,neg
2613,neg
2614,neg
2615,pos
2616,pos
2617,pos
2618,neg
2619,pos
2620,pos
2621,pos
2622,neg
2623,pos
2624,pos
2625,pos
2626,neg
2627,neg
2628,neg
2629,pos
2630,neg
2631,pos
2632,neg
2633,pos
2634,pos
2635,neg
2636,pos
2637,neg
2638,pos
2639,neg
2640,pos
2641,pos
2642,pos
2643,neg
2644,neg
2645,pos
2646,neg
2647,pos
2648,neg
2649,neg
2650,pos
2651,neg
2652,neg
2653,pos
2654,pos
2655,neg
2656,pos
2657,pos
2658,pos
2659,pos
2660,neg
2661,neg
2662,neg
2663,neg
2664,pos
2665,pos
2666,pos
2667,pos
2668,neg
2669,neg
2670,pos
2671,neg
2672,neg
2673,neg
2674,neg
2675,pos
2676,neg
2677,neg
2678,neg
2679,neg
2680,pos
2681,neg
2682,pos
2683,neg
2684,neg
2685,neg
2686,pos
2687,neg
2688,neg
2689,neg
2690,pos
2691,pos
2692,pos
2693,neg
2694,neg
2695,neg
2696,pos
2697,pos
2698,pos
2699,neg
2700,pos
2701,neg
2702,pos
2703,neg
2704,neg
2705,neg
2706,neg
2707,neg
2708,neg
2709,pos
2710,neg
2711,neg
2712,neg
2713,pos
2714,pos
2715,neg
2716,neg
2717,neg
2718,neg
2719,neg
2720,neg
2721,neg
2722,neg
2723,neg
2724,neg
2725,neg
2726,neg
2727,neg
2728,pos
2729,neg
2730,pos
2731,neg
2732,neg
2733,pos
2734,pos
2735,neg
2736,neg
2737,pos
2738,neg
2739,neg
2740,neg
2741,pos
2742,neg
2743,neg
2744,pos
2745,pos
2746,neg
2747,neg
2748,neg
2749,pos
2750,neg
2751,neg
2752,neg
2753,neg
2754,neg
2755,neg
2756,pos
2757,neg
2758,pos
2759,neg
2760,pos
2761,neg
2762,pos
2763,neg
2764,neg
2765,neg
2766,neg
2767,pos
2768,neg
2769,pos
2770,neg
2771,pos
2772,pos
2773,neg
2774,neg
2775,neg
2776,pos
2777,neg
2778,neg
2779,pos
2780,neg
2781,neg
2782,pos
2783,neg
2784,neg
2785,neg
2786,pos
2787,pos
2788,pos
2789,pos
2790,neg
2791,pos
2792,neg
2793,pos
2794,neg
2795,neg
2796,neg
2797,neg
2798,pos
2799,neg
2800,pos
2801,pos
2802,neg
2803,neg
2804,neg
2805,pos
2806,pos
2807,neg
2808,pos
2809,neg
2810,neg
2811,neg
2812,pos
2813,neg
2814,pos
2815,pos
2816,neg
2817,pos
2818,pos
2819,neg
2820,pos
2821,pos
2822,pos
2823,neg
2824,pos
2825,pos
2826,neg
2827,neg
2828,pos
2829,neg
2830,neg
2831,neg
2832,pos
2833,neg
2834,pos
2835,neg
2836,neg
2837,pos
2838,neg
2839,pos
2840,pos
2841,neg
2842,neg
2843,neg
2844,neg
2845,pos
2846,neg
2847,pos
2848,neg
2849,neg
2850,neg
2851,pos
2852,neg
2853,pos
2854,pos
2855,neg
2856,neg
2857,neg
2858,neg
2859,pos
2860,neg
2861,pos
2862,neg
2863,pos
2864,neg
2865,neg
2866,neg
2867,neg
2868,pos
2869,neg
2870,pos
2871,neg
2872,neg
2873,pos
2874,neg
2875,neg
2876,neg
2877,pos
2878,pos
2879,neg
2880,pos
2881,neg
2882,pos
2883,neg
2884,pos
2885,neg
2886,neg
2887,neg
2888,neg
2889,neg
2890,pos
2891,neg
2892,neg
2893,pos
2894,neg
2895,pos
2896,pos
2897,neg
2898,pos
2899,pos
2900,neg
2901,neg
2902,pos
2903,neg
2904,neg
2905,neg
2906,pos
2907,pos
2908,pos
2909,neg
2910,pos
2911,pos
2912,neg
2913,neg
2914,neg
2915,neg
2916,neg
2917,pos
2918,neg
2919,pos
2920,pos
2921,neg
2922,neg
2923,pos
2924,neg
2925,pos
2926,neg
2927,pos
2928,neg
2929,pos
2930,neg
2931,neg
2932,neg
2933,pos
2934,pos
2935,neg
2936,pos
2937,neg
2938,neg
2939,pos
2940,neg
2941,pos
2942,neg
2943,neg
2944,pos
2945,pos
2946,pos
2947,pos
2948,neg
2949,pos
2950,pos
2951,neg
2952,pos
2953,neg
2954,neg
2955,pos
2956,neg
2957,neg
2958,pos
2959,neg
2960,pos
2961,neg
2962,neg
2963,neg
2964,neg
2965,pos
2966,pos
2967,neg
2968,neg
2969,pos
2970,neg
2971,pos
2972,neg
2973,neg
2974,pos
2975,neg
2976,neg
2977,pos
2978,pos
2979,neg
2980,pos
2981,pos
2982,pos
2983,neg
2984,pos
2985,neg
2986,neg
2987,neg
2988,neg
2989,neg
2990,pos
2991,pos
2992,neg
2993,pos
2994,pos
2995,pos
2996,neg
2997,neg
2998,neg
2999,pos
3000,pos
3001,neg
3002,neg
3003,pos
3004,neg
3005,pos
3006,neg
3007,neg
3008,pos
3009,neg
3010,neg
3011,neg
3012,pos
3013,pos
3014,neg
3015,neg
3016,neg
3017,pos
3018,neg
3019,neg
3020,pos
3021,neg
3022,neg
3023,neg
3024,neg
3025,pos
3026,pos
3027,neg
3028,pos
3029,neg
3030,neg
3031,neg
3032,pos
3033,neg
3034,neg
3035,neg
3036,pos
3037,neg
3038,neg
3039,pos
3040,neg
3041,neg
3042,neg
3043,neg
3044,pos
3045,pos
3046,neg
3047,pos
3048,pos
3049,pos
3050,pos
3051,pos
3052,neg
3053,pos
3054,neg
3055,pos
3056,neg
3057,pos
3058,neg
3059,pos
3060,pos
3061,neg
3062,neg
3063,pos
3064,neg
3065,pos
3066,pos
3067,pos
3068,pos
3069,pos
3070,neg
3071,neg
3072,neg
3073,neg
3074,neg
3075,pos
3076,neg
3077,neg
3078,neg
3079,pos
3080,pos
3081,neg
3082,neg
3083,neg
3084,neg
3085,neg
3086,neg
3087,pos
3088,neg
3089,pos
3090,pos
3091,neg
3092,pos
3093,pos
3094,pos
3095,neg
3096,pos
3097,neg
3098,neg
3099,neg
3100,pos
3101,neg
3102,neg
3103,neg
3104,pos
3105,pos
3106,pos
3107,neg
3108,pos
3109,pos
3110,neg
3111,pos
3112,pos
3113,pos
3114,pos
3115,neg
3116,neg
3117,neg
3118,pos
3119,pos
3120,pos
3121,pos
3122,pos
3123,pos
3124,neg
3125,neg
3126,neg
3127,pos
3128,neg
3129,neg
3130,pos
3131,pos
3132,pos
3133,neg
3134,neg
3135,pos
3136,neg
3137,pos
3138,neg
3139,pos
3140,neg
3141,neg
3142,neg
3143,neg
3144,neg
3145,pos
3146,pos
3147,pos
3148,pos
3149,pos
3150,pos
3151,pos
3152,neg
3153,pos
3154,neg
3155,pos
3156,neg
3157,pos
3158,neg
3159,neg
3160,pos
3161,neg
3162,neg
3163,neg
3164,neg
3165,pos
3166,neg
3167,pos
3168,neg
3169,neg
3170,pos
3171,pos
3172,neg
3173,pos
3174,neg
3175,pos
3176,neg
3177,pos
3178,pos
3179,neg
3180,neg
3181,neg
3182,neg
3183,neg
3184,neg
3185,neg
3186,pos
3187,neg
3188,neg
3189,pos
3190,pos
3191,neg
3192,neg
3193,pos
3194,neg
3195,pos
3196,pos
3197,pos
3198,neg
3199,neg
3200,pos
3201,pos
3202,pos
3203,pos
3204,neg
3205,neg
3206,pos
3207,pos
3208,neg
3209,pos
3210,pos
3211,pos
3212,pos
3213,pos
3214,neg
3215,neg
3216,pos
3217,neg
3218,neg
3219,neg
3220,neg
3221,neg
3222,neg
3223,neg
3224,pos
3225,neg
3226,pos
3227,pos
3228,pos
3229,neg
3230,pos
3231,neg
3232,neg
3233,pos
3234,pos
3235,pos
3236,pos
3237,neg
3238,neg
3239,neg
3240,neg
3241,neg
3242,pos
3243,pos
3244,neg
3245,pos
3246,pos
3247,pos
3248,neg
3249,pos
3250,neg
3251,neg
3252,neg
3253,neg
3254,pos
3255,neg
3256,neg
3257,pos
3258,neg
3259,pos
3260,neg
3261,neg
3262,neg
3263,neg
3264,pos
3265,pos
3266,neg
3267,pos
3268,pos
3269,neg
3270,neg
3271,pos
3272,pos
3273,neg
3274,pos
3275,neg
3276,pos
3277,neg
3278,neg
3279,neg
3280,neg
3281,neg
3282,neg
3283,pos
3284,pos
3285,pos
3286,pos
3287,neg
3288,neg
3289,neg
3290,pos
3291,neg
3292,neg
3293,pos
3294,pos
3295,neg
3296,pos
3297,pos
3298,neg
3299,neg
3300,pos
3301,neg
3302,neg
3303,pos
3304,pos
3305,pos
3306,pos
3307,pos
3308,neg
3309,pos
3310,neg
3311,pos
3312,pos
3313,pos
3314,pos
3315,neg
3316,neg
3317,neg
3318,pos
3319,pos
3320,neg
3321,pos
3322,pos
3323,pos
3324,pos
3325,pos
3326,pos
3327,neg
3328,neg
3329,pos
3330,pos
3331,pos
3332,neg
3333,neg
3334,neg
3335,neg
3336,pos
3337,neg
3338,pos
3339,neg
3340,neg
3341,neg
3342,pos
3343,neg
3344,pos
3345,neg
3346,pos
3347,pos
3348,neg
3349,pos
3350,pos
3351,neg
3352,neg
3353,neg
3354,pos
3355,pos
3356,neg
3357,neg
3358,neg
3359,neg
3360,neg
3361,pos
3362,neg
3363,pos
3364,pos
3365,pos
3366,pos
3367,pos
3368,neg
3369,neg
3370,pos
3371,pos
3372,neg
3373,pos
3374,neg
3375,neg
3376,pos
3377,pos
3378,neg
3379,pos
3380,neg
3381,neg
3382,neg
3383,neg
3384,pos
3385,pos
3386,pos
3387,neg
3388,pos
3389,pos
3390,neg
3391,neg
3392,pos
3393,neg
3394,neg
3395,neg
3396,pos
3397,pos
3398,neg
3399,pos
3400,pos
3401,neg
3402,neg
3403,pos
3404,neg
3405,pos
3406,neg
3407,pos
3408,pos
3409,pos
3410,neg
3411,pos
3412,pos
3413,neg
3414,neg
3415,pos
3416,pos
3417,neg
3418,pos
3419,pos
3420,pos
3421,neg
3422,neg
3423,pos
3424,pos
3425,neg
3426,pos
3427,neg
3428,pos
3429,neg
3430,pos
3431,neg
3432,neg
3433,neg
3434,neg
3435,pos
3436,neg
3437,pos
3438,neg
3439,neg
3440,neg
3441,neg
3442,neg
3443,neg
3444,pos
3445,pos
3446,neg
3447,neg
3448,pos
3449,neg
3450,neg
3451,neg
3452,neg
3453,pos
3454,neg
3455,pos
3456,neg
3457,neg
3458,neg
3459,neg
3460,pos
3461,neg
3462,neg
3463,pos
3464,neg
3465,pos
3466,pos
3467,neg
3468,pos
3469,neg
3470,pos
3471,pos
3472,pos
3473,neg
3474,neg
3475,neg
3476,neg
3477,neg
3478,neg
3479,pos
3480,pos
3481,pos
3482,pos
3483,neg
3484,pos
3485,pos
3486,pos
3487,neg
3488,pos
3489,pos
3490,pos
3491,pos
3492,pos
3493,pos
3494,pos
3495,neg
3496,pos
3497,neg
3498,pos
3499,pos
3500,neg
3501,neg
3502,pos
3503,neg
3504,pos
3505,pos
3506,pos
3507,neg
3508,pos
3509,neg
3510,neg
3511,pos
3512,pos
3513,pos
3514,pos
3515,neg
3516,pos
3517,neg
3518,pos
3519,neg
3520,neg
3521,neg
3522,neg
3523,pos
3524,neg
3525,pos
3526,pos
3527,pos
3528,pos
3529,neg
3530,pos
3531,pos
3532,pos
3533,pos
3534,neg
3535,pos
3536,neg
3537,pos
3538,neg
3539,pos
3540,neg
3541,pos
3542,neg
3543,pos
3544,neg
3545,neg
3546,pos
3547,neg
3548,neg
3549,pos
3550,neg
3551,neg
3552,pos
3553,pos
3554,pos
3555,pos
3556,pos
3557,neg
3558,neg
3559,neg
3560,neg
3561,pos
3562,neg
3563,pos
3564,pos
3565,neg
3566,neg
3567,neg
3568,neg
3569,neg
3570,pos
3571,neg
3572,neg
3573,pos
3574,neg
3575,neg
3576,pos
3577,neg
3578,neg
3579,neg
3580,pos
3581,pos
3582,pos
3583,neg
3584,neg
3585,pos
3586,neg
3587,pos
3588,neg
3589,neg
3590,pos
3591,neg
3592,pos
3593,neg
3594,pos
3595,pos
3596,neg
3597,pos
3598,pos
3599,pos
3600,pos
3601,pos
3602,pos
3603,neg
3604,pos
3605,pos
3606,neg
3607,pos
3608,pos
3609,pos
3610,neg
3611,neg
3612,neg
3613,neg
3614,pos
3615,neg
3616,neg
3617,pos
3618,pos
3619,pos
3620,pos
3621,pos
3622,pos
3623,pos
3624,neg
3625,pos
3626,neg
3627,pos
3628,neg
3629,pos
3630,pos
3631,neg
3632,neg
3633,pos
3634,pos
3635,neg
3636,neg
3637,neg
3638,neg
3639,neg
3640,neg
3641,pos
3642,neg
3643,pos
3644,neg
3645,pos
3646,neg
3647,pos
3648,neg
3649,pos
3650,pos
3651,pos
3652,neg
3653,pos
3654,neg
3655,neg
3656,neg
3657,neg
3658,neg
3659,neg
3660,pos
3661,neg
3662,neg
3663,pos
3664,neg
3665,pos
3666,pos
3667,neg
3668,pos
3669,neg
3670,neg
3671,pos
3672,pos
3673,neg
3674,neg
3675,neg
3676,neg
3677,pos
3678,pos
3679,neg
3680,pos
3681,neg
3682,neg
3683,pos
3684,neg
3685,neg
3686,neg
3687,neg
3688,neg
3689,neg
3690,neg
3691,pos
3692,pos
3693,neg
3694,neg
3695,neg
3696,neg
3697,neg
3698,pos
3699,neg
3700,pos
3701,pos
3702,neg
3703,pos
3704,pos
3705,neg
3706,pos
3707,pos
3708,neg
3709,neg
3710,pos
3711,pos
3712,pos
3713,neg
3714,neg
3715,pos
3716,neg
3717,neg
3718,neg
3719,neg
3720,neg
3721,pos
3722,neg
3723,pos
3724,neg
3725,neg
3726,pos
3727,pos
3728,pos
3729,neg
3730,neg
3731,neg
3732,neg
3733,neg
3734,pos
3735,neg
3736,pos
3737,neg
3738,pos
3739,pos
3740,pos
3741,pos
3742,pos
3743,pos
3744,neg
3745,neg
3746,neg
3747,pos
3748,pos
3749,pos
3750,neg
3751,neg
3752,neg
3753,neg
3754,neg
3755,neg
3756,pos
3757,neg
3758,pos
3759,pos
3760,neg
3761,neg
3762,neg
3763,pos
3764,neg
3765,neg
3766,neg
3767,neg
3768,neg
3769,neg
3770,neg
3771,neg
3772,neg
3773,neg
3774,neg
3775,pos
3776,neg
3777,neg
3778,neg
3779,neg
3780,neg
3781,neg
3782,pos
3783,neg
3784,neg
3785,pos
3786,neg
3787,pos
3788,pos
3789,pos
3790,pos
3791,neg
3792,neg
3793,pos
3794,pos
3795,neg
3796,neg
3797,neg
3798,pos
3799,pos
3800,neg
3801,pos
3802,pos
3803,neg
3804,pos
3805,pos
3806,neg
3807,pos
3808,pos
3809,pos
3810,neg
3811,neg
3812,neg
3813,pos
3814,pos
3815,neg
3816,neg
3817,pos
3818,neg
3819,pos
3820,pos
3821,pos
3822,pos
3823,neg
3824,pos
3825,pos
3826,pos
3827,neg
3828,pos
3829,neg
3830,neg
3831,pos
3832,neg
3833,neg
3834,neg
3835,neg
3836,neg
3837,pos
3838,neg
3839,neg
3840,pos
3841,pos
3842,neg
3843,pos
3844,pos
3845,pos
3846,pos
3847,pos
3848,neg
3849,pos
3850,pos
3851,pos
3852,neg
3853,neg
3854,neg
3855,pos
3856,pos
3857,neg
3858,pos
3859,pos
3860,neg
3861,pos
3862,neg
3863,pos
3864,neg
3865,pos
3866,pos
3867,neg
3868,neg
3869,neg
3870,pos
3871,pos
3872,pos
3873,neg
3874,neg
3875,neg
3876,neg
3877,pos
3878,pos
3879,pos
3880,neg
3881,neg
3882,neg
3883,neg
3884,neg
3885,neg
3886,neg
3887,neg
3888,neg
3889,pos
3890,neg
3891,pos
3892,neg
3893,pos
3894,pos
3895,neg
3896,neg
3897,neg
3898,pos
3899,neg
3900,neg
3901,pos
3902,pos
3903,pos
3904,neg
3905,neg
3906,pos
3907,pos
3908,neg
3909,pos
3910,pos
3911,neg
3912,neg
3913,pos
3914,pos
3915,neg
3916,neg
3917,pos
3918,pos
3919,neg
3920,neg
3921,pos
3922,pos
3923,neg
3924,pos
3925,neg
3926,pos
3927,neg
3928,neg
3929,neg
3930,neg
3931,neg
3932,pos
3933,pos
3934,pos
3935,pos
3936,pos
3937,neg
3938,neg
3939,neg
3940,neg
3941,pos
3942,neg
3943,pos
3944,pos
3945,neg
3946,pos
3947,pos
3948,neg
3949,neg
3950,pos
3951,pos
3952,pos
3953,neg
3954,neg
3955,pos
3956,pos
3957,neg
3958,pos
3959,neg
3960,neg
3961,neg
3962,pos
3963,neg
3964,pos
3965,neg
3966,pos
3967,neg
3968,pos
3969,pos
3970,pos
3971,pos
3972,neg
3973,pos
3974,pos
3975,neg
3976,pos
3977,neg
3978,neg
3979,pos
3980,pos
3981,neg
3982,pos
3983,pos
3984,pos
3985,neg
3986,pos
3987,neg
3988,neg
3989,pos
3990,pos
3991,pos
3992,neg
3993,neg
3994,neg
3995,pos
3996,neg
3997,neg
3998,pos
3999,neg
4000,pos
4001,pos
4002,neg
4003,pos
4004,pos
4005,neg
4006,neg
4007,neg
4008,neg
4009,pos
4010,pos
4011,pos
4012,pos
4013,pos
4014,neg
4015,pos
4016,pos
4017,neg
4018,neg
4019,neg
4020,neg
4021,pos
4022,neg
4023,neg
4024,pos
4025,pos
4026,neg
4027,neg
4028,pos
4029,neg
4030,neg
4031,pos
4032,neg
4033,pos
4034,pos
4035,pos
4036,neg
4037,pos
4038,neg
4039,pos
4040,neg
4041,pos
4042,neg
4043,neg
4044,pos
4045,neg
4046,neg
4047,neg
4048,pos
4049,pos
4050,pos
4051,pos
4052,neg
4053,neg
4054,neg
4055,neg
4056,neg
4057,pos
4058,neg
4059,neg
4060,pos
4061,neg
4062,pos
4063,neg
4064,neg
4065,neg
4066,neg
4067,pos
4068,pos
4069,neg
4070,pos
4071,pos
4072,neg
4073,pos
4074,neg
4075,neg
4076,neg
4077,neg
4078,pos
4079,pos
4080,neg
4081,pos
4082,pos
4083,neg
4084,pos
4085,pos
4086,neg
4087,neg
4088,pos
4089,neg
4090,pos
4091,pos
4092,pos
4093,pos
4094,neg
4095,neg
4096,neg
4097,pos
4098,neg
4099,pos
4100,neg
4101,neg
4102,pos
4103,pos
4104,pos
4105,neg
4106,pos
4107,pos
4108,neg
4109,pos
4110,neg
4111,pos
4112,pos
4113,neg
4114,neg
4115,pos
4116,pos
4117,pos
4118,pos
4119,neg
4120,pos
4121,neg
4122,pos
4123,neg
4124,neg
4125,neg
4126,neg
4127,neg
4128,pos
4129,neg
4130,neg
4131,neg
4132,pos
4133,neg
4134,neg
4135,neg
4136,neg
4137,pos
4138,pos
4139,pos
4140,neg
4141,neg
4142,pos
4143,neg
4144,pos
4145,pos
4146,neg
4147,neg
4148,pos
4149,pos
4150,pos
4151,neg
4152,neg
4153,pos
4154,pos
4155,pos
4156,neg
4157,neg
4158,neg
4159,neg
4160,neg
4161,neg
4162,neg
4163,neg
4164,neg
4165,neg
4166,pos
4167,neg
4168,neg
4169,neg
4170,neg
4171,pos
4172,pos
4173,pos
4174,neg
4175,neg
4176,neg
4177,neg
4178,neg
4179,neg
4180,pos
4181,neg
4182,neg
4183,neg
4184,pos
4185,neg
4186,pos
4187,neg
4188,pos
4189,neg
4190,neg
4191,neg
4192,neg
4193,neg
4194,pos
4195,neg
4196,neg
4197,pos
4198,pos
4199,pos
4200,neg
4201,neg
4202,neg
4203,pos
4204,pos
4205,neg
4206,neg
4207,neg
4208,pos
4209,neg
4210,pos
4211,neg
4212,neg
4213,neg
4214,neg
4215,neg
4216,pos
4217,neg
4218,neg
4219,neg
4220,pos
4221,neg
4222,neg
4223,pos
4224,neg
4225,pos
4226,pos
4227,neg
4228,neg
4229,neg
4230,neg
4231,pos
4232,pos
4233,neg
4234,neg
4235,pos
4236,neg
4237,pos
4238,pos
4239,pos
4240,neg
4241,pos
4242,pos
4243,neg
4244,pos
4245,pos
4246,pos
4247,pos
4248,neg
4249,neg
4250,pos
4251,pos
4252,neg
4253,pos
4254,pos
4255,pos
4256,neg
4257,neg
4258,neg
4259,neg
4260,neg
4261,pos
4262,neg
4263,neg
4264,pos
4265,neg
4266,pos
4267,pos
4268,pos
4269,neg
4270,pos
4271,pos
4272,pos
4273,neg
4274,neg
4275,neg
4276,neg
4277,neg
4278,neg
4279,pos
4280,pos
4281,pos
4282,neg
4283,pos
4284,neg
4285,neg
4286,neg
4287,neg
4288,neg
4289,pos
4290,pos
4291,neg
4292,neg
4293,pos
4294,neg
4295,neg
4296,neg
4297,neg
4298,pos
4299,neg
4300,pos
4301,neg
4302,neg
4303,neg
4304,pos
4305,pos
4306,pos
4307,pos
4308,neg
4309,pos
4310,pos
4311,pos
4312,pos
4313,neg
4314,neg
4315,pos
4316,neg
4317,neg
4318,neg
4319,neg
4320,pos
4321,neg
4322,neg
4323,neg
4324,neg
4325,neg
4326,pos
4327,pos
4328,neg
4329,neg
4330,pos
4331,neg
4332,neg
4333,neg
4334,neg
4335,neg
4336,neg
4337,pos
4338,neg
4339,neg
4340,neg
4341,neg
4342,neg
4343,neg
4344,neg
4345,pos
4346,neg
4347,neg
4348,pos
4349,pos
4350,pos
4351,neg
4352,pos
4353,pos
4354,neg
4355,neg
4356,neg
4357,neg
4358,neg
4359,neg
4360,pos
4361,neg
4362,neg
4363,neg
4364,neg
4365,neg
4366,neg
4367,pos
4368,neg
4369,neg
4370,pos
4371,neg
4372,neg
4373,neg
4374,neg
4375,pos
4376,neg
4377,neg
4378,neg
4379,pos
4380,pos
4381,pos
4382,pos
4383,neg
4384,neg
4385,pos
4386,neg
4387,neg
4388,neg
4389,pos
4390,pos
4391,neg
4392,pos
4393,neg
4394,pos
4395,neg
4396,pos
4397,neg
4398,neg
4399,neg
4400,pos
4401,neg
4402,neg
4403,neg
4404,pos
4405,neg
4406,neg
4407,pos
4408,pos
4409,neg
4410,pos
4411,neg
4412,neg
4413,neg
4414,neg
4415,pos
4416,neg
4417,neg
4418,neg
4419,pos
4420,neg
4421,pos
4422,neg
4423,pos
4424,neg
4425,pos
4426,pos
4427,neg
4428,pos
4429,neg
4430,pos
4431,pos
4432,neg
4433,pos
4434,neg
4435,neg
4436,pos
4437,neg
4438,neg
4439,pos
4440,pos
4441,pos
4442,neg
4443,pos
4444,pos
4445,pos
4446,neg
4447,pos
4448,neg
4449,neg
4450,pos
4451,pos
4452,neg
4453,neg
4454,pos
4455,pos
4456,pos
4457,pos
4458,neg
4459,neg
4460,neg
4461,neg
4462,neg
4463,pos
4464,pos
4465,neg
4466,neg
4467,neg
4468,pos
4469,neg
4470,pos
4471,neg
4472,pos
4473,pos
4474,neg
4475,neg
4476,pos
4477,pos
4478,pos
4479,neg
4480,neg
4481,pos
4482,neg
4483,neg
4484,neg
4485,neg
4486,neg
4487,pos
4488,neg
4489,neg
4490,neg
4491,pos
4492,neg
4493,pos
4494,pos
4495,pos
4496,neg
4497,pos
4498,pos
4499,neg
4500,pos
4501,neg
4502,neg
4503,neg
4504,pos
4505,neg
4506,pos
4507,pos
4508,neg
4509,neg
4510,neg
4511,neg
4512,pos
4513,neg
4514,pos
4515,neg
4516,pos
4517,pos
4518,neg
4519,neg
4520,neg
4521,pos
4522,neg
4523,neg
4524,pos
4525,pos
4526,neg
4527,pos
4528,pos
4529,neg
4530,pos
4531,neg
4532,neg
4533,neg
4534,neg
4535,neg
4536,pos
4537,pos
4538,neg
4539,neg
4540,pos
4541,neg
4542,neg
4543,neg
4544,neg
4545,neg
4546,neg
4547,neg
4548,neg
4549,pos
4550,neg
4551,neg
4552,neg
4553,pos
4554,neg
4555,neg
4556,pos
4557,neg
4558,pos
4559,pos
4560,neg
4561,pos
4562,pos
4563,pos
4564,pos
4565,neg
4566,pos
4567,neg
4568,neg
4569,pos
4570,neg
4571,pos
4572,pos
4573,neg
4574,pos
4575,neg
4576,neg
4577,neg
4578,neg
4579,neg
4580,pos
4581,neg
4582,pos
4583,pos
4584,pos
4585,neg
4586,pos
4587,neg
4588,pos
4589,neg
4590,neg
4591,neg
4592,pos
4593,neg
4594,pos
4595,pos
4596,pos
4597,neg
4598,neg
4599,pos
4600,pos
4601,pos
4602,pos
4603,pos
4604,neg
4605,neg
4606,neg
4607,pos
4608,neg
4609,pos
4610,neg
4611,neg
4612,neg
4613,neg
4614,pos
4615,pos
4616,pos
4617,pos
4618,pos
4619,neg
4620,neg
4621,pos
4622,neg
4623,neg
4624,pos
4625,pos
4626,pos
4627,neg
4628,neg
4629,neg
4630,pos
4631,neg
4632,pos
4633,neg
4634,pos
4635,pos
4636,pos
4637,neg
4638,pos
4639,neg
4640,neg
4641,pos
4642,neg
4643,pos
4644,neg
4645,pos
4646,neg
4647,neg
4648,neg
4649,neg
4650,neg
4651,neg
4652,neg
4653,neg
4654,pos
4655,neg
4656,neg
4657,neg
4658,pos
4659,pos
4660,neg
4661,pos
4662,pos
4663,pos
4664,neg
4665,pos
4666,neg
4667,pos
4668,neg
4669,pos
4670,neg
4671,pos
4672,pos
4673,neg
4674,pos
4675,neg
4676,pos
4677,pos
4678,neg
4679,neg
4680,neg
4681,neg
4682,neg
4683,neg
4684,pos
4685,neg
4686,pos
4687,neg
4688,neg
4689,pos
4690,neg
4691,pos
4692,pos
4693,neg
4694,neg
4695,pos
4696,neg
4697,pos
4698,pos
4699,neg
4700,pos
4701,pos
4702,neg
4703,pos
4704,pos
4705,pos
4706,pos
4707,neg
4708,neg
4709,pos
4710,neg
4711,pos
4712,neg
4713,pos
4714,pos
4715,neg
4716,pos
4717,pos
4718,pos
4719,neg
4720,pos
4721,pos
4722,pos
4723,neg
4724,neg
4725,neg
4726,neg
4727,neg
4728,pos
4729,pos
4730,pos
4731,pos
4732,pos
4733,neg
4734,pos
4735,neg
4736,pos
4737,neg
4738,neg
4739,neg
4740,neg
4741,neg
4742,neg
4743,pos
4744,neg
4745,pos
4746,neg
4747,neg
4748,pos
4749,neg
4750,pos
4751,neg
4752,neg
4753,neg
4754,pos
4755,neg
4756,neg
4757,neg
4758,neg
4759,neg
4760,pos
4761,neg
4762,neg
4763,pos
4764,pos
4765,neg
4766,pos
4767,neg
4768,neg
4769,neg
4770,neg
4771,pos
4772,pos
4773,neg
4774,neg
4775,pos
4776,neg
4777,neg
4778,neg
4779,neg
4780,pos
4781,neg
4782,neg
4783,neg
4784,pos
4785,pos
4786,pos
4787,pos
4788,pos
4789,pos
4790,pos
4791,pos
4792,pos
4793,neg
4794,neg
4795,pos
4796,neg
4797,neg
4798,neg
4799,neg
4800,neg
4801,pos
4802,neg
4803,pos
4804,neg
4805,neg
4806,pos
4807,pos
4808,pos
4809,neg
4810,neg
4811,neg
4812,pos
4813,pos
4814,pos
4815,neg
4816,pos
4817,pos
4818,pos
4819,neg
4820,pos
4821,neg
4822,neg
4823,neg
4824,neg
4825,pos
4826,neg
4827,neg
4828,pos
4829,neg
4830,pos
4831,neg
4832,pos
4833,pos
4834,pos
4835,pos
4836,pos
4837,pos
4838,pos
4839,pos
4840,neg
4841,neg
4842,neg
4843,pos
4844,neg
4845,neg
4846,pos
4847,neg
4848,neg
4849,neg
4850,pos
4851,neg
4852,pos
4853,pos
4854,pos
4855,pos
4856,neg
4857,neg
4858,pos
4859,pos
4860,neg
4861,pos
4862,neg
4863,neg
4864,neg
4865,pos
4866,neg
4867,pos
4868,pos
4869,neg
4870,pos
4871,pos
4872,pos
4873,pos
4874,pos
4875,pos
4876,pos
4877,neg
4878,neg
4879,neg
4880,pos
4881,neg
4882,neg
4883,neg
4884,pos
4885,pos
4886,pos
4887,neg
4888,pos
4889,neg
4890,pos
4891,neg
4892,neg
4893,pos
4894,neg
4895,neg
4896,neg
4897,neg
4898,neg
4899,pos
4900,neg
4901,neg
4902,neg
4903,neg
4904,neg
4905,pos
4906,neg
4907,neg
4908,neg
4909,pos
4910,pos
4911,pos
4912,neg
4913,neg
4914,neg
4915,pos
4916,neg
4917,pos
4918,pos
4919,pos
4920,neg
4921,neg
4922,pos
4923,neg
4924,neg
4925,pos
4926,pos
4927,pos
4928,neg
4929,neg
4930,neg
4931,neg
4932,neg
4933,pos
4934,pos
4935,pos
4936,neg
4937,neg
4938,pos
4939,pos
4940,pos
4941,pos
4942,pos
4943,neg
4944,neg
4945,pos
4946,neg
4947,neg
4948,neg
4949,neg
4950,pos
4951,neg
4952,neg
4953,neg
4954,pos
4955,neg
4956,pos
4957,pos
4958,neg
4959,pos
4960,neg
4961,pos
4962,pos
4963,pos
4964,neg
4965,neg
4966,neg
4967,neg
4968,neg
4969,neg
4970,neg
4971,neg
4972,pos
4973,neg
4974,neg
4975,neg
4976,pos
4977,neg
4978,pos
4979,pos
4980,neg
4981,pos
4982,pos
4983,neg
4984,neg
4985,pos
4986,neg
4987,pos
4988,neg
4989,neg
4990,neg
4991,neg
4992,pos
4993,pos
4994,pos
4995,pos
4996,pos
4997,pos
4998,pos
4999,neg
5000,pos
